{":tabular_classification": {"m": 0.01545313825208912, "b": 5}, ":tabular_regression": {"m": 0.3138798513193447, "b": 5}}