{
    ":tabular_classification": {"m": 1.7807351774212148, "b": 5},
    ":tabular_clustering": {"m": 1.7807351774212148, "b": 5},
    ":tabular_regression": {"m": 1.7807351774212148, "b": 5}
}
